1199,"Pemilu 2024 yang berkualitas dan demokratis menjadi tonggak kemajuan Indonesia. #Pemilu2024BebasHoaks #Pemilu2024 #PemiluDamai2024 #Pemilu2024MenujuIndonesiaMaju #PemiluDamaiNegeriMaju https://t.co/oveeTf7qpi"
1200,"Pemilu Damai di Daerah Konflik: Simbol Kemajuan Demokrasi Indonesia Pemungutan suara yang aman di Papua dan daerah konflik lain menjadi simbol kemajuan demokrasi Indonesia. #Pemilu2024BebasHoaks #Pemilu2024 #PemiluDamai2024 #Pemilu2024MenujuIndonesiaMaju #PemiluDamaiNegeriMaju https://t.co/FKF4VO5zMG"
1201,"Pemilu Damai di Daerah Konflik: Simbol Kemajuan Demokrasi Indonesia Pemungutan suara yang aman di Papua dan daerah konflik lain menjadi simbol kemajuan demokrasi Indonesia. #Pemilu2024BebasHoaks #Pemilu2024 #PemiluDamai2024 #Pemilu2024MenujuIndonesiaMaju #PemiluDamaiNegeriMaju https://t.co/CKRwkXU9oa"
1202,"Menurut UU hasil Pemilu ditentukan oleh suara sah pemilih dalam pemungutan suara yang teratur. #Pemilu2024BebasHoaks #Pemilu2024 #PemiluDamai2024 #Pemilu2024MenujuIndonesiaMaju #PemiluDamaiNegeriMaju https://t.co/3BUKPz7bHj"
1203,"Ingat ! Bangsa Indonesia cinta kedamaian #Pemilu2024BebasHoaks #Pemilu2024 #PemiluDamai2024 #Pemilu2024MenujuIndonesiaMaju #PemiluDamaiNegeriMaju https://t.co/uZa1t2kCPR"
1204,"Hidup Aman dan Damai adalah impian Masyarakat Indonesia #Pemilu2024BebasHoaks #Pemilu2024 #PemiluDamai2024 #Pemilu2024MenujuIndonesiaMaju #PemiluDamaiNegeriMaju https://t.co/6JCh2xsJ8d"
1205,"Pemungutan suara yang aman di Papua dan daerah konflik lain menjadi simbol kemajuan demokrasi Indonesia. #Pemilu2024BebasHoaks #Pemilu2024 #PemiluDamai2024 #Pemilu2024MenujuIndonesiaMaju #PemiluDamaiNegeriMaju https://t.co/VXJbl5sJIQ"
1206,"Stabilitas nasional pasca pemilu 2024 #Pemilu2024BebasHoaks #Pemilu2024 #PemiluDamai2024 #Pemilu2024MenujuIndonesiaMaju #PemiluDamaiNegeriMaju https://t.co/GyGEhqsSmO"
1207,"Pemilu 2024 dinilai sebagai representatif musyawarah dalam menentukan pemimpin #Pemilu2024BebasHoaks #Pemilu2024 #PemiluDamai2024 #Pemilu2024MenujuIndonesiaMaju #PemiluDamaiNegeriMaju https://t.co/zCtid6uEX1"
1208,"Pujian internasional terhadap penyelenggaraan Pemilu 2024 Indonesia yang damai dan demokratis khususnya dari pertemuan ASEAN-Australia #Pemilu2024 #PemiluDamai2024 #PemiluDamaiNegeriMaju #Pemilu2024BebasHoaks #Pemilu2024MenujuIndonesiaMaju https://t.co/LRkLh0CBa0"
1209,"Tunggu hasil Pemilu dengan damai mari kita hargai pilihan orang lain dan hasil pemilu #Pemilu2024BebasHoaks #Pemilu2024 #PemiluDamai2024 #Pemilu2024MenujuIndonesiaMaju #PemiluDamaiNegeriMaju https://t.co/oMo0H5EbDI"
1210,"Ciptakan Perdamaian untuk menjadikan Bangsa Indonesia yang lebih maju dalam berdemokrasi #Pemilu2024BebasHoaks #Pemilu2024 #PemiluDamai2024 #Pemilu2024MenujuIndonesiaMaju #PemiluDamaiNegeriMaju https://t.co/AQDF34Agys"
1211,"Indonesia Merupakan bangsa yang besar untuk itulah kita harus dewasa dalam menyikapi pasca pemilu #Pemilu2024BebasHoaks #Pemilu2024 #PemiluDamai2024 #Pemilu2024MenujuIndonesiaMaju #PemiluDamaiNegeriMaju https://t.co/5LFepLbftB"
1212,"Pemilu telah usai mari kita saling merangkul lagi #Pemilu2024BebasHoaks #Pemilu2024 #PemiluDamai2024 #Pemilu2024MenujuIndonesiaMaju #PemiluDamaiNegeriMaju https://t.co/dVyD0ZrXSz"
1213,"Pujian internasional terhadap penyelenggaraan Pemilu 2024 Indonesia yang damai dan demokratis, khususnya dari pertemuan ASEAN-Australia #Pemilu2024 #PemiluDamai2024 #PemiluDamaiNegeriMaju #Pemilu2024BebasHoaks #Pemilu2024MenujuIndonesiaMaju https://t.co/gnrS1c8A6d"
1214,"Yuk Tetap Ciptakan Suasana Damai Pasca Pemilu #Pemilu2024 #PemiluDamai2024 #PemiluDamaiNegeriMaju #Pemilu2024BebasHoaks #Pemilu2024MenujuIndonesiaMaju https://t.co/vb0jPxK432"
1215,"KTT ini menegaskan pentingnya menerima hasil Pemilu dan mendukung pemenang, mendorong semua pihak untuk bersatu mempercepat pemulihan kondusifitas dan pembangunan Indonesia. #Pemilu2024 #PemiluDamai2024 #PemiluDamaiNegeriMaju #Pemilu2024BebasHoaks #Pemilu2024MenujuIndonesiaMaju https://t.co/V4XqJWSt3s"
1216,"Pujian internasional terhadap penyelenggaraan Pemilu 2024 Indonesia yang damai dan demokratis, khususnya dari pertemuan ASEAN-Australia. #Pemilu2024 #PemiluDamai2024 #PemiluDamaiNegeriMaju #Pemilu2024BebasHoaks #Pemilu2024MenujuIndonesiaMaju https://t.co/f4DiAyIDGK"
1217,"Mari kita jaga kondusifitas pasca Pemilu 2024 #Pemilu2024 #PemiluDamai2024 #PemiluDamaiNegeriMaju #Pemilu2024BebasHoaks #Pemilu2024MenujuIndonesiaMaju https://t.co/JMuw71aPNu"
1218,"Pujian internasional terhadap penyelenggaraan Pemilu 2024 Indonesia yang damai dan demokratis. #Pemilu2024 #PemiluDamai2024 #PemiluDamaiNegeriMaju #Pemilu2024BebasHoaks #Pemilu2024MenujuIndonesiaMaju https://t.co/gNpvfpTK1G"
1219,"Banyak pihak mengapresiasi Pemilu Damai Indonesia 2024 #Pemilu2024 #PemiluDamai2024 #PemiluDamaiNegeriMaju #Pemilu2024BebasHoaks #Pemilu2024MenujuIndonesiaMaju https://t.co/BgkGvKjgqA"
1220,"Pemilu Damai Indonesia 2024 dan Ajakan untuk Rekonsiliasi Nasional #Pemilu2024 #PemiluDamai2024 #PemiluDamaiNegeriMaju #Pemilu2024BebasHoaks #Pemilu2024MenujuIndonesiaMaju https://t.co/iSKyTyHccm"
1221,"Apresiasi Internasional untuk Pemilu Damai Indonesia 2024 dan Ajakan untuk Rekonsiliasi Nasional #Pemilu2024 #PemiluDamai2024 #PemiluDamaiNegeriMaju #Pemilu2024BebasHoaks #Pemilu2024MenujuIndonesiaMaju https://t.co/5wh9O8N7SI"
1222,"Pujian internasional terhadap penyelenggaraan Pemilu 2024 Indonesia yang damai dan demokratis, khususnya dari pertemuan ASEAN-Australia #Pemilu2024 #PemiluDamai2024 #PemiluDamaiNegeriMaju #Pemilu2024BebasHoaks #Pemilu2024MenujuIndonesiaMaju https://t.co/yhsKy3gD48"
1223,"KTT ini menegaskan pentingnya menerima hasil Pemilu dan mendukung pemenang, mendorong semua pihak untuk bersatu mempercepat pemulihan kondusifitas dan pembangunan Indonesia #Pemilu2024 #PemiluDamai2024 #PemiluDamaiNegeriMaju #Pemilu2024BebasHoaks #Pemilu2024MenujuIndonesiaMaju https://t.co/WeOga0ADEN"
1224,"Banyak pihak mengapresiasi Pemilu Damai Indonesia 2024 #Pemilu2024 #PemiluDamai2024 #PemiluDamaiNegeriMaju #Pemilu2024BebasHoaks #Pemilu2024MenujuIndonesiaMaju https://t.co/dxWkWh0lNj"
1225,"Indonesia damai #Pemilu2024 #PemiluDamai2024 #PemiluDamaiNegeriMaju #Pemilu2024BebasHoaks #Pemilu2024MenujuIndonesiaMaju https://t.co/x2kddl2QNQ"
1226,"Cegah perpecahan antar kelompok politik pasca Pemilu 2024 #Pemilu2024 #PemiluDamai2024 #PemiluDamaiNegeriMaju #Pemilu2024BebasHoaks #Pemilu2024MenujuIndonesiaMaju https://t.co/9TZXyNN3Cm"
1227,"Bulan Ramadan harus menjadi momentum untuk meredam konflik pasca Pemilu 2024 #Pemilu2024 #PemiluDamai2024 #PemiluDamaiNegeriMaju #Pemilu2024BebasHoaks #Pemilu2024MenujuIndonesiaMaju https://t.co/4H7CFNAVUf"
1228,"Pemilu Damai #Pemilu2024 #PemiluDamai2024 #PemiluDamaiNegeriMaju #Pemilu2024BebasHoaks #Pemilu2024MenujuIndonesiaMaju https://t.co/OlcSUYakiW"
1229,"Dari pertemuan ASEAN-Australia, menjadi motivasi bagi Indonesia untuk mengatasi polarisasi dan merajut kembali harmoni nasional.#Pemilu2024 #PemiluDamai2024 #PemiluDamaiNegeriMaju #Pemilu2024BebasHoaks #Pemilu2024MenujuIndonesiaMaju https://t.co/TZCULmSFfa"
1230,"Mari kita bersatu untuk meredam konflik dan perpecahan #Pemilu2024 #PemiluDamai2024 #PemiluDamaiNegeriMaju #Pemilu2024BebasHoaks #Pemilu2024MenujuIndonesiaMaju https://t.co/ttwQ8e1tht"
1231,"Mewujudkan kondusifitas pasca Pemilu 2024 demi terciptanya kerukunan bangsa #Pemilu2024 #PemiluDamai2024 #PemiluDamaiNegeriMaju #Pemilu2024BebasHoaks #Pemilu2024MenujuIndonesiaMaju https://t.co/v0K8dhBOXE"
1232,"KPU RI memulai rapat pleno terbuka rekapitulasi suara Pemilu 2024 menekankan pada transparansi dan integritas hasil. #Pemilu2024 #PemiluDamai2024 #PemiluDamaiNegeriMaju #Pemilu2024BebasHoaks #Pemilu2024MenujuIndonesiaMaju https://t.co/86wkoi8eiX"
1233,"KPU daerah melaporkan keberhasilan rapat pleno terbuka penghitungan suara yang aman dan lancar menegaskan pentingnya transparansi dan akuntabilitas dalam Pemilu 2024. Rapat pleno #Pemilu2024 #PemiluDamai2024 #PemiluDamaiNegeriMaju #Pemilu2024BebasHoaks #Pemilu2024 https://t.co/tRXRe6xxoY"
1234,"KPU RI memulai rapat pleno terbuka rekapitulasi suara Pemilu 2024 menekankan pada transparansi dan integritas hasil. #Pemilu2024 #PemiluDamai2024 #PemiluDamaiNegeriMaju #Pemilu2024BebasHoaks #Pemilu2024MenujuIndonesiaMaju https://t.co/9uLnUq6e2E"
1235,"Pujian internasional terhadap penyelenggaraan Pemilu 2024 Indonesia yang damai dan demokratis khususnya dari pertemuan ASEAN-Australia menjadi motivasi bagi Indonesia untuk mengatasi polarisasi dan merajut kembali harmoni nasional. #PemiluDamaiNegeriMaju #Pemilu2024BebasHoaks https://t.co/pcIihJ9Xvn"
1236,"KPU daerah melaporkan keberhasilan rapat pleno terbuka penghitungan suara yang aman dan lancar menegaskan pentingnya transparansi dan akuntabilitas dalam Pemilu 2024. #PemiluDamai2024 #PemiluDamaiNegeriMaju #Pemilu2024BebasHoaks #Pemilu2024MenujuIndonesiaMaju https://t.co/Osl15CQ5uL"
1237,"Indonesia telah menunjukkan kedewasaan dalam proses demokrasi dengan kesadaran tinggi akan nilai kebangsaan dan kemanusiaan sebagai fondasi utama menghadapi masa depan. #Pemilu2024BebasHoaks #Pemilu2024 #PemiluDamai2024 #Pemilu2024MenujuIndonesiaMaju #PemiluDamaiNegeriMaju https://t.co/kVDj0JLnrr"
1238,"KPU Bali berkomitmen untuk menjadi provinsi pertama yang menyelesaikan rekapitulasi suara nasional dengan cepat dan akurat. #Pemilu2024 #PemiluDamai2024 #PemiluDamaiNegeriMaju #Pemilu2024BebasHoaks #Pemilu2024MenujuIndonesiaMaju https://t.co/m5Xd02OeKn"
1239,"KPU telah menunjukkan dedikasi luar biasa dalam menggelar Pemilu 2024 meskipun menghadapi kendala teknis seperti masalah aplikasi Sirekap dan pelaksanaan PSU di beberapa tempat. #Pemilu2024 #PemiluDamai2024 #PemiluDamaiNegeriMaju #Pemilu2024BebasHoaks https://t.co/IIyD8Vs9vO"
1240,"Hormati Proses Rekapitulasi Suara Nasional Pemilu 2024 di KPU RI #Pemilu2024 #PemiluDamai2024 #PemiluDamaiNegeriMaju #Pemilu2024BebasHoaks #Pemilu2024MenujuIndonesiaMaju https://t.co/6exy0L142N"
1241,"Bulan Ramadhan jadi momentum untuk persatuan dan kesatuan pasca PemiluðŸ‡®ðŸ‡© #Pemilu2024 #PemiluDamai2024 #PemiluDamaiNegeriMaju #Pemilu2024BebasHoaks #Pemilu2024MenujuIndonesiaMaju https://t.co/x69iGsZU0Q"
1242,"Pentingnya Mempertahankan Stabilitas Keamanan Pasca-Pemilu 2024 #Pemilu2024BebasHoaks #Pemilu2024 #PemiluDamai2024 #Pemilu2024MenujuIndonesiaMaju #PemiluDamaiNegeriMaju https://t.co/mWnnMTCRYr"
1243,"Bangun ruang digital bersih dan sehat untuk demokrasi Indonesia yg kuat 2024 Pemilu tanpa hoax. #Pemilu2024 #PemiluDamai2024 #PemiluDamaiNegeriMaju #Pemilu2024BebasHoaks #Pemilu2024MenujuIndonesiaMaju https://t.co/70UfFNN2mM"
1244,"Imbauan Menghormati Proses Rekapitulasi Suara Nasional Pemilu 2024 di KPU RI #Pemilu2024 #PemiluDamai2024 #PemiluDamaiNegeriMaju #Pemilu2024BebasHoaks #Pemilu2024MenujuIndonesiaMaju https://t.co/9QECTaYRoh"
1245,"Klarifikasi data DPT dan penanganan honorarium serta kesehatan petugas KPPS menjadi prioritas untuk menjaga transparansi dan meningkatkan kepercayaan publik terhadap hasil Pemilu 2024. #Pemilu2024BebasHoaks #Pemilu2024 #PemiluDamai2024 #Pemilu2024MenujuIndonesiaMaju #PemiluDamai https://t.co/jv7Ke8Q8VX"
1246,"Hak Angket di DPR RI tidak akan mengubah hasil Pemilu 2024 #Pemilu2024BebasHoaks #Pemilu2024 #PemiluDamai2024 #Pemilu2024MenujuIndonesiaMaju #PemiluDamaiNegeriMaju https://t.co/nVJIC6Uazt"
1247,"Penyelenggara Pemilu mengimbau pelaporan kecurangan secara resmi sementara tokoh masyarakat mengajak untuk menjaga ketenangan dan tidak terprovokasi oleh informasi palsu. #Pemilu2024 #PemiluDamai2024 #PemiluDamaiNegeriMaju #Pemilu2024BebasHoaks #Pemilu2024MenujuIndonesiaMaju https://t.co/hJ1k17fNEN"
1248,"Adanya hak angket atau interpelasi menjadi langkah yang sangat tepat urgent strategis dan konstitusional sehingga memerlukan dukungan publik yang meluas #Pemilu2024 #PemiluDamai2024 #PemiluDamaiNegeriMaju #Pemilu2024BebasHoaks #Pemilu2024MenujuIndonesiaMaju https://t.co/jBXw01fWOq"
1249,"Upaya KPU Hadapi Tantangan Pemilu 2024 demi Wujudkan Prinsip Luberjurdil. Klarifikasi data DPT dan penanganan honorarium serta kesehatan petugas KPPS menjadi prioritas untuk menjaga transparansi #Pemilu2024BebasHoaks #Pemilu2024 #PemiluDamai2024 #Pemilu2024MenujuIndonesiaMaju https://t.co/HrmW6gQcDq"
1250,"Klarifikasi data DPT dan penanganan honorarium serta kesehatan petugas KPPS menjadi prioritas untuk menjaga transparansi dan meningkatkan kepercayaan publik terhadap hasil Pemilu 2024. #Pemilu2024BebasHoaks #Pemilu2024 #PemiluDamai2024 #Pemilu2024MenujuIndonesiaMaju https://t.co/BWBFAr2BDD"
1251,"KPU telah menjalankan tahap kritis Pemilu 2024 dengan berbagai tantangan seperti pencoblosan ulang di beberapa wilayah karena faktor geografis dan cuaca serta penghitungan suara ulang. #Pemilu2024BebasHoaks #Pemilu2024 #PemiluDamai2024 #Pemilu2024MenujuIndonesiaMaju https://t.co/lXJVRmiZ4L"
1252,"MK telah menjalankan tugas menyelesaikan sengketa Pemilu sesuai peraturan perundang-undangan membuat keputusannya final dan tak terpengaruh oleh Hak Angket DPR. #PemiluDamaiNegeriMaju #Pemilu2024BebasHoaks #Pemilu2024MenujuIndonesiaMaju https://t.co/ORJCuP7vzS"
1253,"Mahkamah Konstitusi (MK) telah menjalankan tugas menyelesaikan sengketa Pemilu sesuai peraturan perundang-undangan membuat keputusannya final dan tak final #Pemilu2024 #PemiluDamai2024 #PemiluDamaiNegeriMaju #Pemilu2024BebasHoaks #Pemilu2024MenujuIndonesiaMaju https://t.co/rDXzAt4MPl"
1254,"Hak angket meskipun merupakan alat kontrol parlemen jika digunakan dalam konteks ini berpotensi menimbulkan ketidakstabilan politik. #Pemilu2024BebasHoaks #Pemilu2024 #PemiluDamai2024 #Pemilu2024MenujuIndonesiaMaju #PemiluDamaiNegeriMaju https://t.co/FbuY9MxXnV"
1255,"Hasil Pemilu ditentukan oleh suara sah pemilih dalam pemungutan suara yang teratur. Hak angket meskipun merupakan alat kontrol parlemen jika digunakan dalam konteks ini berpotensi menimbulkan ketidakstabilan politik. #Pemilu2024BebasHoaks #Pemilu2024 #PemiluDamai2024 https://t.co/zQnVNdt0em"
1256,"PEMILU 2024 Adanya hak angket atau interpelasi menjadi langkah yang sangat tepat urgent strategis dan konstitusional sehingga memerlukan dukungan publik yang meluas #Pemilu2024 #PemiluDamai2024 #PemiluDamaiNegeriMaju #Pemilu2024BebasHoaks #Pemilu2024MenujuIndonesiaMaju https://t.co/DelSCv85hz"
1257,"Pahami Peran Mahkamah Konstitusi dan Hak Angket DPR dalam Sistem Demokrasi Pemilu. #Pemilu2024 #PemiluDamai2024 #PemiluDamaiNegeriMaju #Pemilu2024BebasHoaks #Pemilu2024MenujuIndonesiaMaju https://t.co/VwzBeL4KmL"
1258,"Kalian Udah memilih nih ? #Pemilu2024BebasHoaks #PemiluAmanDamai #PemiluDamai https://t.co/TJ3It8jSZb"
1259,"Dukung Pemilu 2024 tanpa kecurangan! Kawal suara real count di Sirekap untuk demokrasi sehat #Pemilu2024BebasHoaks #Pemilu2024 #PemiluDamai2024 #Pemilu2024MenujuIndonesiaMaju #PemiluDamaiNegeriMaju https://t.co/9F7xsX2oWU"
1260,"JANGAN BIARKAN HOAX MEMECAH BELAH ÎšÎ™Î¤Î‘. BERSATU KITA TEGUH MENJAGA KERUKUNAN DAN PERSATUAN SEBELUM SAAT DAN SETELAH PEMILU #pilpres2024 #kpuRI #SukseskanPemilu2024 #Pemilu2024MenujuIndonesiaMaju #Pemilu2024BebasHoaks https://t.co/IDKANxFHS7"
1261,"PEMUNGÆ¯TAN SÆ¯ARA SUDAH KITA LALUIDENGANLANCAR DAN GEMBIRA SELANJÆ¯TNYA MARI KITA KAWAL PENGHITUNGANSÆ¯ARA DENGAN DAMAI DAN HORMATI HASILNYA... #pilpres2024 #kpuRI #SukseskanPemilu2024 #Pemilu2024MenujuIndonesiaMaju #Pemilu2024BebasHoaks https://t.co/ebsl7R5T8y"
1262,"Sirekap dan KawalPemilu Inovasi dalam Pemilu 2024 untuk Demokrasi yang Transparan #Pemilu2024BebasHoaks #Pemilu2024 #PemiluDamai2024 #Pemilu2024MenujuIndonesiaMaju #PemiluDamaiNegeriMaju https://t.co/FJWziQswwS"
1263,"Tolak Segala Provokasi Dan Hoax Penghitungan Suara Untuk Menjaga Pemilu 2024 Aman Damai Dan Kondusif #pilpres2024 #kpuRI #SukseskanPemilu2024 #Pemilu2024MenujuIndonesiaMaju #Pemilu2024BebasHoaks https://t.co/AkKUXYOLaL"
1264,"SEMUA PASLON PASTI MEMILIKI RENCANA KERJA YANG TERBAIK BAGI BANGSA. SIAPAPUN YANG MENANG JUGA PASTI AKAN MELAKUKAN YANG TERBAIK DEMI KEMAJUAN BANGSA #pilpres2024 #kpuRI #SukseskanPemilu2024 #Pemilu2024MenujuIndonesiaMaju #Pemilu2024BebasHoaks https://t.co/9JDCPyFNd4"
1265,"Pemilu Damai. Bersatu Pasca-Pemilu 2024! Dukung dialog antarpasangan calon dan tunggu pengumuman resmi hasil Pemilu oleh KPU RI #Pemilu2024BebasHoaks #Pemilu2024 #PemiluDamai2024 #Pemilu2024MenujuIndonesiaMaju #PemiluDamaiNegeriMaju https://t.co/wHTMRxeHsp"
1266,"Pemilu 2024 meski penuh ketegangan dalam kampanye dan pemungutan suara berhasil diadakan dalam suasana damai. #Pemilu2024 #PemiluDamai2024 #PemiluDamaiNegeriMaju #Pemilu2024BebasHoaks #Pemilu2024MenujuIndonesiaMaju https://t.co/2J2SorcjKQ"
1267,"KITA TELAH BERHASIL MELAKSANAKAN PEMUNGUTAN SUARA SECARA DAMAI. SEKARANG WAKTUNYA MENJAGA PERDAMAIAN ITU SAMBIL MENUNGGU HASIL PENGHITUNGAN SUARA OLEH KPU #pilpres2024 #kpuRI #SukseskanPemilu2024 #Pemilu2024MenujuIndonesiaMaju #Pemilu2024BebasHoaks https://t.co/Qz1nMPWCAh"
1268,"Dengan menyerukan penerimaan hasil Pemilu sebagai refleksi kepercayaan rakyat yang berdampak pada Ekonomi. Mari Kawal Pemilu Damai Sampai Selesai!!! #Pemilu2024BebasHoaks #Pemilu2024 #PemiluDamai2024 #Pemilu2024MenujuIndonesiaMaju #PemiluDamaiNegeriMaju https://t.co/yBLntZv4lP"
1269,"Kedua inisiatif teknologi ini bertujuan untuk mengurangi manipulasi suara dan menjamin integritas proses demokrasi menandai langkah maju dalam memastikan pemilu yang transparan dan adil. #Pemilu2024BebasHoaks #Pemilu2024 #PemiluDamai2024 #Pemilu2024MenujuIndonesiaMaju https://t.co/57Rhi1sOMY"
1270,"Perlu meningkatkan kesadaran publik terhadap hoaks dan memperkuat komitmen bersama dalam melawan disinformasi menjadi esensial. #Pemilu2024BebasHoaks #Pemilu2024 #PemiluDamai2024 #Pemilu2024MenujuIndonesiaMaju #PemiluDamaiNegeriMaju https://t.co/v8YyhoZpV9"
1271,"Demokrasi yang stabil dan sehat akan menjadi dasar bagi pemerintahan yang baik (good governance) pembangunan berkelanjutan dan kemajuan di segala sektor bagi Indonesia. #Pemilu2024BebasHoaks #Pemilu2024 #PemiluDamai2024 #Pemilu2024MenujuIndonesiaMaju #PemiluDamaiNegeriMaju https://t.co/DNvlkl4JO3"
1272,"Tenang pak Dzikri saya sudah bantu cek. Yg di input di KPU sudah benar. Ini ya pak SCnya mana tau butuh Senang membantu anda! #PemiluDamai2024 #Pemilu2024BebasHoaks https://t.co/mo8vUD1nAv"
1273,"Upy bersama ini esensial untuk memastikan proses Pemilu yang lancar dan transparan mendukung legitimasi hasil dan memperkuat fondasi demokrasi dengan informasi yang akurat #Pemilu2024 #PemiluDamai2024 #PemiluDamaiNegeriMaju #Pemilu2024BebasHoaks #Pemilu2024MenujuIndonesiaMaju https://t.co/tSdpXCkOQE"
1274,"Pemilu Damai Bersatu pasca-Pemilu 2024! Dukung dialog antarpasangan calon dan tunggu pengumuman resmi hasil Pemilu oleh KPU RI. Demokrasi hanya bisa maju jika kita bersatu #Pemilu2024BebasHoaks #Pemilu2024 #PemiluDamai2024 #Pemilu2024MenujuIndonesiaMaju #PemiluDamaiNegeriMaju https://t.co/YtZH8PUzzB"
1275,"Bersama Wujudkan Pemilu Damai 2024 Tanpa Intimidasi! #Pemilu2024BebasHoaks #Pemilu2024 #PemiluDamai2024 #Pemilu2024MenujuIndonesiaMaju #PemiluDamaiNegeriMaju https://t.co/5EwI5vRXqR"
1276,"Pemilu 2024 meski penuh ketegangan dalam kampanye dan pemungutan suara berhasil diadakan dalam suasana damai. #Pemilu2024 #PemiluDamai2024 #PemiluDamaiNegeriMaju #Pemilu2024BebasHoaks #Pemilu2024MenujuIndonesiaMaju https://t.co/1Whcmyj3Ka"
1277,"Terima kasih atas terwujudnya pemilu yang kondusif karena seluruh rakyat sudah menjaga keamanan dan kedamaian selalu #Pemilu2024kondusif #Pemilu2024 #PemiluDamai2024 #Pemilu2024MenujuIndonesiaMaju https://t.co/TaeFl7fzyo"
1278,"Tolak Segala Provokasi Dan Hoax Penghitungan Suara Untuk Menjaga Pemilu 2024 Aman Damai Dan Kondusif #pilpres2024 #kpuRI #SukseskanPemilu2024 #Pemilu2024MenujuIndonesiaMaju #Pemilu2024BebasHoaks https://t.co/AkKUXYOLaL"
1279,"Dengan menyerukan penerimaan hasil Pemilu sebagai refleksi kepercayaan rakyat yang berdampak pada Ekonomi. Mari Kawal Pemilu Damai Sampai Selesai!!! #Pemilu2024BebasHoaks #Pemilu2024 #PemiluDamai2024 #Pemilu2024MenujuIndonesiaMaju #PemiluDamaiNegeriMaju https://t.co/yBLntZv4lP"
1280,"Kedua inisiatif teknologi ini bertujuan untuk mengurangi manipulasi suara dan menjamin integritas proses demokrasi menandai langkah maju dalam memastikan pemilu yang transparan dan adil. #Pemilu2024BebasHoaks #Pemilu2024 #PemiluDamai2024 #Pemilu2024MenujuIndonesiaMaju https://t.co/57Rhi1sOMY"
1281,"bismillahirohmanirohim izin yaa bukan apa apa tapi ga sepantas nya juga lo semua doa buruk begini tapi krna doa nya buat diri sendiri gue ga mau ngetik banyak deh istigfar aja kata gue seriuss semoga ga jabah ya sama yg diatas #salamdamai #Pemilu2024MenujuIndonesiaMaju https://t.co/4hJG8bVC4e"
1282,"Jaga pemilu Damai Pemilu 2024 yang berkualitas dan demokratis menjadi tonggak kemajuan Indonesia. #Pemilu2024BebasHoaks #Pemilu2024 #PemiluDamai2024 #Pemilu2024MenujuIndonesiaMaju #PemiluDamaiNegeriMaju https://t.co/TJgDxmR3hL"
1283,"KPU telah menciptakan aplikasi Sirekap inovasi revolusioner untuk penghitungan suara yang cepat dan akurat untuk Pemilu 2024 #Pemilu2024BebasHoaks #Pemilu2024 #PemiluDamai2024 #Pemilu2024MenujuIndonesiaMaju #PemiluDamaiNegeriMaju https://t.co/pIdAGFW9nq"
1284,"Apkam organisasi seperti PBNU memainkan peran krusial dalam menjaga stabilitas & mengajak semua pihak menghormati hasil Pemilu demi pembangunan & harmoni sosial. #Pemilu2024BebasHoaks #Pemilu2024 #PemiluDamai2024 #Pemilu2024MenujuIndonesiaMaju #PemiluDamaiNegeriMaju https://t.co/G7uwUGBUez"
1285,"Persatuan dan kesatuan bangsa adalah kunci untuk mencapai pembangunan yang berkelanjutan. #Pemilu2024BebasHoaks #Pemilu2024 #PemiluDamai2024 #Pemilu2024MenujuIndonesiaMaju #PemiluDamaiNegeriMaju https://t.co/59HkScpHYc"
1286,"Hasil patroli pengawasan Bawaslu melalui aplikasi Siwaslu di 38 provinsi hingga 15 Februari 2024 mengungkap 19 masalah pada proses pemungutan dan penghitungan suara Pemilu. #Pemilu2024 #PemiluDamai2024 #PemiluDamaiNegeriMaju #Pemilu2024BebasHoaks #Pemilu2024MenujuIndonesiaMaju https://t.co/NE5l7vpjFe"
1287,"Aparat keamanan dan organisasi seperti PBNU memainkan peran krusial dlam menjaga stabilitas &amp; mengajak semua pihak menghormati hasil Pemilu demi pembangunan &amp; harmoni sosial #Pemilu2024BebasHoaks #Pemilu2024 #PemiluDamai2024 #Pemilu2024MenujuIndonesiaMaju #PemiluDamaiNegeriMaju https://t.co/1Z7uYqWW6S"
1288,"Pencoblosan Sudah Dilaksanakan Pilihan Boleh Beda Tetapi Kebersamaan Persatuan Dan Kesatuan Bangsa Haruslah Kita Jaga #pilpres2024 #kpuRI #SukseskanPemilu2024 #Pemilu2024MenujuIndonesiaMaju #Pemilu2024BebasHoaks https://t.co/ktZHf29oTR"
1289,"Pentingnya Transparansi Sirekap untuk Mencegah Potensi Delegitimasi Hasil Pemilu! #Pemilu2024BebasHoaks #Pemilu2024 #PemiluDamai2024 #Pemilu2024MenujuIndonesiaMaju #PemiluDamaiNegeriMaju https://t.co/n3JdPLO40W"
1290,"Menjaga Kedamaian Pasca-Pemilu Kunci Membangun Demokrasi yang Kuat. Pentingnya kedamaian pasca-Pemilu tidak bisa diabaikan sebagai fondasi utama membangun negara yang demokratis #Pemilu2024BebasHoaks #Pemilu2024 #PemiluDamai2024 #Pemilu2024MenujuIndonesiaMaju https://t.co/Y81l2GilHK"
1291,"STOP HOAKS #Pemilu2024BebasHoaks #Pemilu2024 #PemiluDamai2024 #Pemilu2024MenujuIndonesiaMaju #PemiluDamaiNegeriMaju https://t.co/gG1ecxmrRw"
1292,"Waspada Hoaks dan Provokasi Mari Jaga Kedamaian Pasca-Pemilu 2024! #Pemilu2024BebasHoaks #Pemilu2024 #PemiluDamai2024 #Pemilu2024MenujuIndonesiaMaju #PemiluDamaiNegeriMaju https://t.co/reowPeoH57"
1293,"Stop hoaks. #Pemilu2024BebasHoaks #Pemilu2024 #PemiluDamai2024 #Pemilu2024MenujuIndonesiaMaju #PemiluDamaiNegeriMaju https://t.co/VNUuqFdYfH"
1294,"Hoaks mis informasi dan dis informasi musuh kita bersamaðŸ‡®ðŸ‡© #Pemilu2024 #PemiluDamai2024 #PemiluDamaiNegeriMaju #Pemilu2024BebasHoaks #Pemilu2024MenujuIndonesiaMaju https://t.co/nq9Dv45oz6"
1295,"Segregasi dan konflik horizontal seolah menjadi residu yang tidak dapat langsung dihilangkan pasca-pemilu #Pemilu2024 #PemiluDamai2024 #PemiluDamaiNegeriMaju #Pemilu2024BebasHoaks #Pemilu2024MenujuIndonesiaMaju https://t.co/agtEhMHjve"
1296,"Penggunaan hak angket pasca Pemilu 2024 oleh kelompok-kelompok yang tidak puas dengan hasil perhitungan suara merupakan pendekatan yang keliru. #Pemilu2024 #PemiluDamai2024 #Pemilu2024MenujuIndonesiaMaju #PemiluDamaiNegeriMaju https://t.co/ZfIRbVQxm8"
1297,"Efisiensi dan ketetapan waktu adalah kunci pemilu yang damai mari bersama kita jaga kondusitifitas dan ciptakan indonesia yang maju. #Pemilu2024 #PemiluDamai2024 #PemiluDamaiNegeriMaju #Pemilu2024BebasHoaks #Pemilu2024MenujuIndonesiaMaju https://t.co/rmhc9T2fdy"
1298,"Jaga perdamaian dan persaudaraan pasca pelaksanaan Pemilu agar terhindar dari perpecahan bangsa. #Pemilu2024BebasHoaks #Pemilu2024 #PemiluDamai2024 #Pemilu2024MenujuIndonesiaMaju #PemiluDamaiNegeriMaju https://t.co/4e04VCu4xP"
1299,"Keamanan dan kondusifitas pasca Pemilu dapat dimaknai sebagai pesta demokrasi Indonesia yang berjalan aman dan lancar. #Pemilu2024BebasHoaks #Pemilu2024 #PemiluDamai2024 #Pemilu2024MenujuIndonesiaMaju #PemiluDamaiNegeriMaju https://t.co/Il2V770Y1n"
1300,"Rapat pleno terbuka ini diharapkan meningkatkan partisipasi publik dalam pengawasan dan validasi hasil pemungutan suara. #Pemilu2024 #PemiluDamai2024 #PemiluDamaiNegeriMaju #Pemilu2024BebasHoaks #Pemilu2024MenujuIndonesiaMaju https://t.co/ndr4SZBfg6"
1301,"Rekonsiliasi dan pembangunan kebangsaan pasca-Pemilu dianggap langkah esensial untuk memperkuat persatuan dan kesatuan bangsa. #Pemilu2024BebasHoaks #Pemilu2024 #PemiluDamai2024 #Pemilu2024MenujuIndonesiaMaju #PemiluDamaiNegeriMaju https://t.co/XY1BPi9pp7"
1302,"Keberhasilan ini juga menunjukkan profesionalisme KPU Daerah memberi publik kepercayaan pada integritas dan keabsahan hasil pemilu. #Pemilu2024 #PemiluDamai2024 #PemiluDamaiNegeriMaju #Pemilu2024BebasHoaks #Pemilu2024MenujuIndonesiaMaju https://t.co/wPsV5frfaO"
1303,"Perolehan suara dari tingkat TPS distrik hingga Kabupaten tidak ada perubahan sehingga pelaksanaan rapat lainnya dapat berjalan sesuai regulasi yang ada #Pemilu2024 #PemiluDamai2024 #PemiluDamaiNegeriMaju #Pemilu2024BebasHoaks #Pemilu2024MenujuIndonesiaMaju https://t.co/fdXUr6JoMf"",""1765981241822875817"",""https://pbs.twimg.com/media/GIIGlI1akAE6W8H.jpg"","""",""in"","""",""0"",""2"",""1"",""https://twitter.com/subang_damai/status/1765981241822875817"",""1580810947874390016"",""subang_damai"""
1304,"Demokrasi yang sehat memandang pentingnya partisipasi bukan hanya sebagai hak memberi suara namun juga tanggung jawab membangun masyarakat yang adil dan inklusif. #Pemilu2024BebasHoaks #Pemilu2024 #PemiluDamai2024 #Pemilu2024MenujuIndonesiaMaju #PemiluDamaiNegeriMaju https://t.co/ViwgxE9bFx"
1305,"Menciptakan situasi kondusif pasca-Pemilu 2024 memerlukan kerjasama pemerintah aparat keamanan masyarakat dan individu. #Pemilu2024 #PemiluDamai2024 #PemiluDamaiNegeriMaju #Pemilu2024BebasHoaks #Pemilu2024MenujuIndonesiaMaju https://t.co/VySh8awrLU"
1306,"Waspada hoax! selalu cek kebenaran dari setiap informasi untuk menjaga pelaksanaan Pemilu 2024 #Pemilu2024 #PemiluDamai2024 #PemiluDamaiNegeriMaju #Pemilu2024BebasHoaks #Pemilu2024MenujuIndonesiaMaju RIP Legend Dr. Slump Bali https://t.co/GNThvBxurH"
1307,"Bangun ruang digital bersih dan sehat untuk demokrasi Indonesia yang kuatðŸ‡®ðŸ‡© #Pemilu2024 #PemiluDamai2024 #PemiluDamaiNegeriMaju #Pemilu2024BebasHoaks #Pemilu2024MenujuIndonesiaMaju https://t.co/JqS1nccovh"
1308,"Indonesia Menunjukkan Kedewasaan Demokrasi dengan Persatuan dan Keharmonisan #Pemilu2024BebasHoaks #Pemilu2024 #PemiluDamai2024 #Pemilu2024MenujuIndonesiaMaju #PemiluDamaiNegeriMaju https://t.co/vdwUYyW7R9"
1309,"Dukung Sinergitas Semua Pihak Untuk Menjaga Stabilitas Pasca-Pemilu 2024! #Pemilu2024 #PemiluDamai2024 #PemiluDamaiNegeriMaju #Pemilu2024BebasHoaks #Pemilu2024MenujuIndonesiaMaju https://t.co/PAddqP6Las"
1310,"Kinerja KPU di Pemilu 2024 menunjukkan komitmen kuat pada keadilan dan transparansi melalui regulasi ketat dan adaptasi terhadap tantangan daerah #Pemilu2024 #PemiluDamai2024 #PemiluDamaiNegeriMaju #Pemilu2024BebasHoaks #Pemilu2024MenujuIndonesiaMaju https://t.co/znDIuvsKHq"
1311,"Rekapitulasi Suara di Daerah Berlangsung Lancar dan Kondusif. Kondusivitas rapat pleno tidak hanya meningkatkan nilai demokrasi juga mengurangi potensi konflik kepentingan yang bisa merugikan pemerintah. #PemiluDamai2024 #Pemilu2024MenujuIndonesiaMaju #PemiluDamaiNegeriMaju https://t.co/DpOcAamGCk"
1312,"Indonesia Menunjukkan Kedewasaan Demokrasi pada Pemilu 2024 dengan Persatuan dan Keharmonisan! #Pemilu2024BebasHoaks #Pemilu2024 #PemiluDamai2024 #Pemilu2024MenujuIndonesiaMaju #PemiluDamaiNegeriMaju https://t.co/q3RyA4P0G0"
1313,"Kinerja KPU di Pemilu 2024 menunjukkan komitmen kuat pada keadilan dan transparansi melalui regulasi ketat dan adaptasi terhadap tantangan daerah #Pemilu2024 #PemiluDamai2024 #PemiluDamaiNegeriMaju #Pemilu2024BebasHoaks #Pemilu2024MenujuIndonesiaMaju https://t.co/aY3iwLJNjf"
1314,"Rapat pleno rekapitulasi suara yang diwajibkan oleh UU Pemilu No. 7 Tahun 2017 dan PKPU No. 5 Tahun 2024 berperan vital dalam menjaga integritas Pemilu 2024. #Pemilu2024BebasHoaks #Pemilu2024 #PemiluDamai2024 #Pemilu2024MenujuIndonesiaMaju #PemiluDamaiNegeriMaju https://t.co/IqX4UIxy0b"
1315,"Solidaritas nasional dan penolakan terhadap provokasi menegaskan pentingnya kolaborasi antar elemen bangsa untuk stabilitas dan kemajuan Indonesia pasca-Pemilu 2024. #Pemilu2024 #PemiluDamai2024 #PemiluDamaiNegeriMaju #Pemilu2024BebasHoaks #Pemilu2024MenujuIndonesiaMaju https://t.co/lFNZuz3NTk1"
1316,"KPU daerah melaporkan keberhasilan rapat pleno terbuka penghitungan suara yang aman dan lancar menegaskan pentingnya transparansi dan akuntabilitas dalam Pemilu 2024. #Pemilu2024 #PemiluDamai2024 #PemiluDamaiNegeriMaju #Pemilu2024BebasHoaks #Pemilu2024MenujuIndonesiaMaju https://t.co/RZPfPhT4vA"
1317,"Indonesia telah menunjukkan kedewasaan dalam proses demokrasi dengan kesadaran tinggi akan nilai kebangsaan dan kemanusiaan sebagai fondasi utama menghadapi masa depan. #Pemilu2024BebasHoaks #Pemilu2024 #PemiluDamai2024 #Pemilu2024MenujuIndonesiaMaju #PemiluDamaiNegeriMaju https://t.co/RaJjWtdCwU"
1318,"Pelaksanaan pemilu serentak dapat terlaksana berkat profesionalisme dan integritas KPU ditunjang sosialisasi dan koordinasi efektif dengan berbagai pihak. #Pemilu2024 #PemiluDamai2024 #PemiluDamaiNegeriMaju #Pemilu2024BebasHoaks #Pemilu2024MenujuIndonesiaMaju https://t.co/02b2NH1Oa8"
1319,"KPU telah menunjukkan dedikasi luar biasa dalam menggelar Pemilu 2024 meskipun menghadapi kendala teknis seperti masalah Sirekap dan pelaksanaan PSU di beberapa tempat. #Pemilu2024 #PemiluDamai2024 #PemiluDamaiNegeriMaju #Pemilu2024BebasHoaks #Pemilu2024MenujuIndonesiaMaju https://t.co/QqN99r8EEo"
1320,"Indonesia telah menunjukkan kedewasaan dalam proses demokrasi dengan kesadaran tinggi akan nilai kebangsaan dan kemanusiaan sebagai fondasi utama menghadapi masa depan. #Pemilu2024BebasHoaks #Pemilu2024 #PemiluDamai2024 #Pemilu2024MenujuIndonesiaMaju #PemiluDamaiNegeriMaju https://t.co/uKHN3nZtHZ"
1321,"Pujian internasional terhadap penyelenggaraan Pemilu 2024 Indonesia yang damai dan demokratis khususnya dari pertemuan ASEAN-Australia menjadi motivasi bagi Indonesia #Pemilu2024 #PemiluDamai2024 #PemiluDamaiNegeriMaju #Pemilu2024BebasHoaks #Pemilu2024MenujuIndonesiaMaju https://t.co/CEGk4MV2gK"
1322,"Dengan keterlibatan langsung saksi partai dan pengawasan publik diharapkan dapat mengeliminasi potensi manipulasi memperkuat kepercayaan publik dan menjamin legitimasi demokrasi. #Pemilu2024 #PemiluDamai2024 #Pemilu2024MenujuIndonesiaMaju https://t.co/QgW3kJYJwh"
1323,"Kesuksesan Pemilu 2024 yang berlangsung aman dan kondusif adalah hasil dari koordinasi dan kerjasama antar stakeholder dan masyarakat #Pemilu2024BebasHoaks #Pemilu2024 #PemiluDamai2024 #Pemilu2024MenujuIndonesiaMaju #PemiluDamaiNegeriMaju https://t.co/aPAbvkEvYx"
1324,"KPU RI memulai rapat pleno terbuka rekapitulasi suara Pemilu 2024 menekankan pada transparansi dan integritas hasil. Masyarakat diminta bersabar dan menjaga kedamaian. #Pemilu2024 #PemiluDamai2024 #PemiluDamaiNegeriMaju #Pemilu2024BebasHoaks #Pemilu2024MenujuIndonesiaMaju https://t.co/lkzlT1Ln6a"
1325,"KPU telah berdedikasi luar biasa dalam menggelar Pemilu 2024 meskipun menghadapi kendala teknis seperti masalah aplikasi Sirekap dan pelaksanaan PSU di beberapa tempat. #Pemilu2024 #PemiluDamai2024 #PemiluDamaiNegeriMaju #Pemilu2024BebasHoaks #Pemilu2024MenujuIndonesiaMaju https://t.co/OyWoxhS7xD"
1326,"KTT ini menegaskan pentingnya menerima hasil Pemilu dan mendukung pemenang mendorong semua pihak untuk bersatu mempercepat pemulihan kondusifitas dan pembangunan Indonesia #PemiluDamai2024 #Pemilu2024BebasHoaks #Pemilu2024MenujuIndonesiaMaju https://t.co/NOpucaW7Wx"
1327,"Bulan Ramadhan harus menjadi momentum untuk meredam konflik dan perpecahan antar kelompok ðŸ‡®ðŸ‡©ðŸ‡®ðŸ‡© #Pemilu2024 #PemiluDamai2024 #PemiluDamaiNegeriMaju #Pemilu2024BebasHoaks #Pemilu2024MenujuIndonesiaMaju https://t.co/1yxexGzAH7"
1328,"Kapolsek habinsaran beserta anggota laksanakan Giat monitoring dan pengamanan rekap suara tingkat kecamatan di wilkum polsek habinsaran. #Damaiindonesia #pemiludamai2024 #Polsekhabinsaran #poldasumaterautara https://t.co/SqTtTneBIV"
1329,"Kedua inisiatif teknologi ini bertujuan untuk mengurangi manipulasi suara dan menjamin integritas proses demokrasi menandai langkah maju dalam memastikan pemilu yang transparan dan adil. #Pemilu2024BebasHoaks #Pemilu2024 #PemiluDamai2024 #Pemilu2024MenujuIndonesiaMaju https://t.co/57Rhi1sOMY"
1330,"Kapolrestabes Palembang beserta Wakapolrestabes Palembang cek keamanan dan kesiapan PPK dalam melaksanakan rekapitulasi sekaligus memberikan motivasi kepada personel Pengamanan dalam rangkaian Pemilu Tahun 2024. #spripimpolri #rachmadwibowo #kapoldasumsel #pemiludamai2024 https://t.co/4qKadeSIQv"
1331,"Jaga pemilu Damai Pemilu 2024 yang berkualitas dan demokratis menjadi tonggak kemajuan Indonesia. #Pemilu2024BebasHoaks #Pemilu2024 #PemiluDamai2024 #Pemilu2024MenujuIndonesiaMaju #PemiluDamaiNegeriMaju https://t.co/TJgDxmR3hL"
1332,"Kawal pemilu Damai sampai selesai Pemilu 2024 yang berkualitas dan demokratis menjadi tonggak kemajuan Indonesia. #Pemilu2024BebasHoaks #Pemilu2024 #PemiluDamai2024 #Pemilu2024MenujuIndonesiaMaju #PemiluDamaiNegeriMaju https://t.co/jVF4XnEdNd"
1333,"Ayo awasi dan kawal jalanya perhitungan suara pemilu 2024 Pemilu 2024 yang berkualitas dan demokratis menjadi tonggak kemajuan Indonesia. #Pemilu2024BebasHoaks #Pemilu2024 #PemiluDamai2024 #Pemilu2024MenujuIndonesiaMaju #PemiluDamaiNegeriMaju https://t.co/lilIYaGABA"
1334,"Pengamanan Tahap Rekapitulasi Hitung Suara Pemilu 2024 Polresta Denpasar dan Polsek Jajaran memastikan keamanan dalam Tahap Rekapitulasi Hitung Suara Pemilu 2024 yang dilaksanakan di masing-masing PPK Kecamatan di Daerah hukum Polresta Denpasar . #Pemiludamai2024 https://t.co/YLZqHQtQmi"
1335,"Pemilu 2024 yang berkualitas dan demokratis menjadi tonggak kemajuan Indonesia #Pemilu2024BebasHoaks #Pemilu2024 #PemiluDamai2024 #Pemilu2024MenujuIndonesiaMaju #PemiluDamaiNegeriMaju https://t.co/ODzOxPCLE1"
1336,"Pemilu 2024 yang berkualitas dan demokratis menjadi tonggak kemajuan Indonesia. #Pemilu2024BebasHoaks #Pemilu2024 #PemiluDamai2024 #Pemilu2024MenujuIndonesiaMaju #PemiluDamaiNegeriMaju https://t.co/jCm722iuO0"
1337,"Persatuan dan kesatuan bangsa adalah kunci untuk mencapai pembangunan yang berkelanjutan ðŸ‡®ðŸ‡© #Pemilu2024BebasHoaks #Pemilu2024 #PemiluDamai2024 #Pemilu2024MenujuIndonesiaMaju #PemiluDamaiNegeriMaju https://t.co/gpZZZgxsv9"
1338,"Pemungutan suara yang aman di Papua dan daerah konflik lain menjadi simbol kemajuan demokrasi Indonesia. #Pemilu2024BebasHoaks #Pemilu2024 #PemiluDamai2024 #Pemilu2024MenujuIndonesiaMaju #PemiluDamaiNegeriMaju https://t.co/CDedxy8gwG"
1339,"Pemilu Damai di Daerah Konflik: Simbol Kemajuan Demokrasi Indonesia Pemungutan suara yang aman di Papua dan daerah konflik lain menjadi simbol kemajuan demokrasi Indonesia. #Pemilu2024BebasHoaks #Pemilu2024 #PemiluDamai2024 #Pemilu2024MenujuIndonesiaMaju https://t.co/cBSBJAxjnd"
1340,"Persatuan dan kesatuan bangsa adalah kunci untuk mencapai pembangunan yang berkelanjutan ðŸ‡®ðŸ‡© #Pemilu2024BebasHoaks #Pemilu2024 #PemiluDamai2024 #Pemilu2024MenujuIndonesiaMaju #PemiluDamaiNegeriMaju"
1341,"Hak Angket bukan untuk mencari kalah dan menang ya. Tetapi mencari kebenaran soal pelaksanaan UU atau kebijakan pemerintah. #Pemilu2024 #pemiludamai2024 Moeldoko MKMK Sirekap https://t.co/K8RYpiKLhF"
1342,"@littlemanjamin Ketenangan pemilu di Papua dan daerah konflik mencerminkan kemajuan demokrasi Indonesia. Peran penting aparat keamanan dan PBNU dalam menjaga stabilitas dan menghormati hasil pemilu. #Pemilu2024BebasHoaks #PemiluDamai2024"
1343,"Indonesia Menunjukkan Kedewasaan Demokrasi dengan Persatuan dan Keharmonisan #Pemilu2024BebasHoaks #Pemilu2024 #PemiluDamai2024 #Pemilu2024MenujuIndonesiaMaju #PemiluDamaiNegeriMaju https://t.co/psYg4M6Bd6"
1344,"KPU telah menjalankan tahap kritis Pemilu 2024 dengan berbagai tantangan seperti pencoblosan ulang di beberapa wilayah karena faktor geografis dan cuaca. #Pemilu2024BebasHoaks #Pemilu2024 #PemiluDamai2024 #Pemilu2024MenujuIndonesiaMaju #PemiluDamaiNegeriMaju https://t.co/EPpbo6bhj0"
1345,"Klarifikasi data DPT dan penanganan honorarium serta kesehatan petugas KPPS menjadi prioritas untuk menjaga transparansi dan meningkatkan kepercayaan publik terhadap hasil Pemilu 2024 #Pemilu2024BebasHoaks #Pemilu2024 #PemiluDamai2024 #PemiluDamaiNegeriMaju https://t.co/SAkwNqDWag"
1346,"Mahkamah Konstitusi telah menjalankan tugas sengketa Pemilu sesuai peraturan perundang-undangan membuat keputusannya final dan tak terpengaruh oleh Hak Angket DPR #Pemilu2024BebasHoaks #Pemilu2024 #PemiluDamai2024 #Pemilu2024MenujuIndonesiaMaju #PemiluDamaiNegeriMaju https://t.co/GuHtTtVNBX"
1347,"KPU telah menjalankan tahap kritis Pemilu 2024 dengan berbagai tantangan seperti pencoblosan ulang di beberapa wilayah karena faktor geografis dan cuaca serta penghitungan suara ulang #Pemilu2024BebasHoaks #Pemilu2024 #PemiluDamai2024 #PemiluDamaiNegeriMaju https://t.co/rGU6N5OEnW"
1348,"Klarifikasi data DPT dan penanganan honorarium serta kesehatan petugas KPPS menjadi prioritas untuk menjaga transparansi dan meningkatkan kepercayaan publik terhadap hasil Pemilu 2024 #Pemilu2024BebasHoaks #Pemilu2024 #PemiluDamai2024 #PemiluDamaiNegeriMaju https://t.co/rG5cxVqCIs"
1349,"Perbedaan pendapat pasca-Pemilu 2024 antara masyarakat pemerintah dan akar rumput membutuhkan penanganan yang bijaksana. #Pemilu2024 #PemiluDamai2024 #PemiluDamaiNegeriMaju #Pemilu2024BebasHoaks #Pemilu2024MenujuIndonesiaMaju https://t.co/IQAK09eE7n"
1350,"Dengan pemilihan yang berjalan adil dan terbuka diharapkan dapat mendorong situasi damai dan stabilitas mendukung kemajuan dan pembangunan Indonesia. #Pemilu2024BebasHoaks #Pemilu2024 #PemiluDamai2024 #Pemilu2024MenujuIndonesiaMaju #PemiluDamaiNegeriMaju https://t.co/O7bbgI86zE"
1351,"Kinerja KPU di Pemilu 2024 menunjukkan komitmen kuat pada keadilan dan transparansi melalui regulasi ketat dan adaptasi terhadap tantangan daerah!! #Pemilu2024 #PemiluDamai2024 #PemiluDamaiNegeriMaju #Pemilu2024BebasHoaks #Pemilu2024MenujuIndonesiaMaju https://t.co/xC4hBuOivX"
1352,"Rekonsiliasi dan pembangunan kebangsaan pasca-Pemilu dianggap langkah esensial untuk memperkuat persatuan dan kesatuan bangsa. #Pemilu2024BebasHoaks #Pemilu2024 #PemiluDamai2024 #Pemilu2024MenujuIndonesiaMaju #PemiluDamaiNegeriMaju https://t.co/E1RnxddZFl"
1353,"Indonesia telah menunjukkan kedewasaan dalam proses demokrasi dengan kesadaran tinggi akan nilai kebangsaan dan kemanusiaan sebagai fondasi utama menghadapi masa depan. #Pemilu2024BebasHoaks #Pemilu2024 #PemiluDamai2024 #Pemilu2024MenujuIndonesiaMaju #PemiluDamaiNegeriMaju https://t.co/UWwKWBrabs"
1354,"Kondusivitas rapat pleno tidak hanya meningkatkan nilai demokrasi tetapi juga mengurangi potensi konflik kepentingan yang bisa merugikan pemerintah. Ini merupakan langkah esensial untuk suksesnya pesta demokrasi. #Pemilu2024BebasHoaks #Pemilu2024 #PemiluDamai2024 https://t.co/qPT56Qqj2D"
1355,"Bangun Ruang Digital bersih dam sehat untuk demokrasi Indonesia 2024. Pemilu tanpa hoaks. #Pemilu2024 #PemiluDamai2024 #PemiluDamaiNegeriMaju https://t.co/BzXJ4RmvX6"
1356,"Hoaks Misinformasi dan Disinformasi musuh kita bersama. Pemilu 2024 sukses damai dan bermartabat. #Pemilu2024 #PemiluDamai2024 #PemiluDamaiNegeriMaju https://t.co/TKUndBiZcp"
1357,"Indonesia telah menunjukkan kedewasaan dalam proses demokrasi dengan kesadaran tinggi akan nilai kebangsaan dan kemanusiaan sebagai fondasi utama menghadapi masa depan!! #Pemilu2024BebasHoaks #Pemilu2024 #PemiluDamai2024 #Pemilu2024MenujuIndonesiaMaju #PemiluDamaiNegeriMaju https://t.co/oodE22GDu9"
1358,"Indonesia telah menunjukkan kedewasaan dalam proses demokrasi dengan kesadaran tinggi akan nilai kebangsaan dan kemanusiaan sebagai fondasi utama menghadapi masa depan. #Pemilu2024BebasHoaks #Pemilu2024 #PemiluDamai2024 #Pemilu2024MenujuIndonesiaMaju #PemiluDamaiNegeriMaju https://t.co/dXzaWoXBEN"
1359,"Indonesia telah menunjukkan kedewasaan dalam proses demokrasi dengan kesadaran tinggi akan nilai kebangsaan dan kemanusiaan sebagai fondasi utama menghadapi masa depan. #Pemilu2024BebasHoaks #Pemilu2024 #PemiluDamai2024 #Pemilu2024MenujuIndonesiaMaju #PemiluDamaiNegeriMaju https://t.co/jqMGC0Ky0U"
1360,"KPU daerah melaporkan keberhasilan rapat pleno terbuka penghitungan suara yang aman dan lancar menegaskan pentingnya transparansi dan akuntabilitas dalam Pemilu 2024. #Pemilu2024 #PemiluDamai2024 #PemiluDamaiNegeriMaju #Pemilu2024BebasHoaks #Pemilu2024MenujuIndonesiaMaju https://t.co/iCPZiMWP1L"
1361,"@refaabdi Jaga keberagaman dan hindari konflik dengan menyebarkan informasi yang benar. #Pemilu2024BebasHoaks #PemiluDamai2024 B164"
1362,"Pujian internasional terhadap penyelenggaraan Pemilu 2024 Indonesia yang damai dan demokratis khususnya dari pertemuan ASEAN-Australia menjadi motivasi bagi Indonesia untuk mengatasi polarisasi dan merajut kembali harmoni nasional. #Pemilu2024 #PemiluDamai2024 https://t.co/YWYSAELNqQ"
1363,"Apresiasi Internasional untuk Pemilu Damai Indonesia 2024 dan Ajakan untuk Rekonsiliasi Nasional #Pemilu2024 #PemiluDamai2024 #PemiluDamaiNegeriMaju #Pemilu2024BebasHoaks #Pemilu2024MenujuIndonesiaMaju https://t.co/oH8bJmMTDS"
1364,"Motivasi bagi Indonesia untuk mengatasi polarisasi dan merajut kembali harmoni nasional. #Pemilu2024 #PemiluDamai2024 #PemiluDamaiNegeriMaju #Pemilu2024BebasHoaks #Pemilu2024MenujuIndonesiaMaju https://t.co/CHeSZLBI5V"
1365,"KPU RI memulai rapat pleno terbuka rekapitulasi suara Pemilu 2024 menekankan pada transparansi dan integritas hasil #Pemilu2024 #PemiluDamai2024 #PemiluDamaiNegeriMaju #Pemilu2024BebasHoaks #Pemilu2024 https://t.co/aYLUY9avEH"
1366,"Bulan Ramadhan harus menjadi momentum untuk meredam konflik dan perpecahan antar kelompok politik setelah/pasca masa Pemilu 2024. #Pemilu2024 #PemiluDamai2024 #PemiluDamaiNegeriMaju #Pemilu2024BebasHoaks #Pemilu2024MenujuIndonesiaMaju https://t.co/IMn36RVl3a"
1367,"Pujian internasional terhadap penyelenggaraan Pemilu 2024 Indonesia yang damai dan demokratis khususnya dari pertemuan ASEAN-Australia #Pemilu2024 #PemiluDamai2024 #PemiluDamaiNegeriMaju #Pemilu2024BebasHoaks #Pemilu2024MenujuIndonesiaMaju https://t.co/Kt76pZAfgW"
1368,"KTT ini menegaskan pentingnya menerima hasil Pemilu dan mendukung pemenang mendorong semua pihak untuk bersatu mempercepat pemulihan kondusifitas dan pembangunan Indonesia. #Pemilu2024 #PemiluDamai2024 #PemiluDamaiNegeriMaju #Pemilu2024BebasHoaks #Pemilu2024MenujuIndonesiaMaju https://t.co/R0dIhzlZz6"
1369,"Jangan mudah terprovokasi. Tunggu hasil resmi KPU. Mari sukseskan Pemilu 2024 dengan Aman dan damai. #PemiluDamai2024 #Pemilu2024 https://t.co/sE8B3ezKoc"
1370,"Hak angket DPR tidak mewakili aspirasi rakyat #Pemilu2024 #PemiluDamai2024 #PemiluDamaiNegeriMaju #Pemilu2024AmanDamai https://t.co/xIDK0pq5Y6"
1371,"Bersabar menunggu hasil Pemilu yang akan disampaikan oleh KPU. Mari sukseskan Pemilu 2024 dengan Aman dan damai. #pilpres2024 #PemiluDamai2024 #Pemilu2024 https://t.co/1kFmR7a7hs"
1372,"Pemilu 2024 yang berkualitas dan demokratis menjadi tonggak kemajuan Indonesia. Partisipasi masyarakat yang aktif persatuan nasional kondusivitas keamanan #Pemilu2024BebasHoaks #Pemilu2024 #PemiluDamai2024 #Pemilu2024MenujuIndonesiaMaju #PemiluDamaiNegeriMaju https://t.co/tyT0OPhGnL"
1373,"Demokrasi hanya bisa maju jika kita bersatu! Ayo wujudkan Pemilu damai #Pemilu2024BebasHoaks #Pemilu2024 #PemiluDamai2024 #Pemilu2024MenujuIndonesiaMaju #PemiluDamaiNegeriMaju https://t.co/lTk1o5UAQN"
1374,"Imbauan Sejumlah Tokoh untuk Menjaga Persatuan dan Suasana Damai Pasca Pemungutan Suara Pemilu 2024 #Pemilu2024 #PemiluDamai2024 #PemiluDamaiNegeriMaju #Pemilu2024BebasHoaks #Pemilu2024MenujuIndonesiaMaju https://t.co/aASwLRjGnW"
1375,"Upy bersama ini esensial untuk memastikan proses Pemilu yang lancar dan transparan mendukung legitimasi hasil dan memperkuat fondasi demokrasi dengan informasi yang akurat #Pemilu2024 #PemiluDamai2024 #PemiluDamaiNegeriMaju #Pemilu2024BebasHoaks #Pemilu2024MenujuIndonesiaMaju https://t.co/tSdpXCkOQE58464213339746584"
1376,"Penghargaan diberikan kepada bangsa Indonesia yang di tahun politik ini berhasil menjaga persatuan meskipun terdapat perbedaan pilihan politik. #Pemilu2024 #PemiluDamai2024 #PemiluDamaiNegeriMaju #Pemilu2024BebasHoaks #Pemilu2024MenujuIndonesiaMaju https://t.co/pAiL4n5tJ6"
1377,"Pemilu 2024 yang berkualitas dan demokratis menjadi tonggak kemajuan Indonesia. #Pemilu2024BebasHoaks #Pemilu2024 #PemiluDamai2024 #Pemilu2024MenujuIndonesiaMaju #PemiluDamaiNegeriMaju https://t.co/Y98NddT5oP"
1378,"KPU telah menciptakan aplikasi Sirekap inovasi revolusioner untuk penghitungan suara yang cepat dan akurat untuk Pemilu 2024. #Pemilu2024BebasHoaks #Pemilu2024 #PemiluDamai2024 #Pemilu2024MenujuIndonesiaMaju #PemiluDamaiNegeriMaju https://t.co/q19kFyIOE9"
1379,"Menurut Undang-Undang hasil Pemilu ditentukan oleh suara sah pemilih dalam pemungutan suara yang teratur. #Pemilu2024BebasHoaks #Pemilu2024 #PemiluDamai2024 #Pemilu2024MenujuIndonesiaMaju #PemiluDamaiNegeriMaju https://t.co/VGAXC1Wwtx"
1380,"Penggunaan hak angket pasca Pemilu 2024 oleh kelompok-kelompok yang tidak puas dengan hasil perhitungan suara merupakan pendekatan yang keliru. #Pemilu2024BebasHoaks #Pemilu2024 #PemiluDamai2024 #Pemilu2024MenujuIndonesiaMaju #PemiluDamaiNegeriMaju https://t.co/Z51Z3muxMp"
1381,"KPU telah menjalankan tahap kritis Pemilu 2024 dengan berbagai tantangan seperti pencoblosan ulang di beberapa wilayah karena faktor geografis dan cuaca. #Pemilu2024BebasHoaks #Pemilu2024 #PemiluDamai2024 #Pemilu2024MenujuIndonesiaMaju #PemiluDamaiNegeriMaju https://t.co/vlQ8GNiBbr"
1382,"Pemungutan suara yang aman di Papua dan daerah konflik lain menjadi simbol kemajuan demokrasi Indonesia. #Pemilu2024BebasHoaks #Pemilu2024 #PemiluDamai2024 #Pemilu2024MenujuIndonesiaMaju #PemiluDamaiNegeriMaju https://t.co/CDedxy8gwG"
1383,"KPU telah menjalankan tahap kritis Pemilu 2024 dengan berbagai tantangan seperti pencoblosan ulang di beberapa wilayah karena faktor geografis dan cuaca serta penghitungan suara ulang #Pemilu2024BebasHoaks #Pemilu2024 #PemiluDamai2024 #PemiluDamaiNegeriMaju https://t.co/hsuzqPanrm"
1384,"Demi mewujudkan Pemilu 2024 yang damai dan bermartabat pentingnya kesadaran kolektif dalam melawan penyebaran hoaks #Pemilu2024 #PemiluDamai2024 #PemiluDamaiNegeriMaju #Pemilu2024BebasHoaks #Pemilu2024MenujuIndonesiaMaju https://t.co/bXTMm7zBkB"
1385,"Membangun Kedamaian Pasca-Pemilu 2024 Mewujudkan Keadilan Toleransi dan Inklusivitas #Pemilu2024 #PemiluDamai2024 #PemiluDamaiNegeriMaju #Pemilu2024BebasHoaks #Pemilu2024MenujuIndonesiaMaju https://t.co/8s9DUa2GKZ"
1386,"KPU RI memulai rapat pleno terbuka rekapitulasi suara Pemilu 2024 menekankan pada transparansi dan integritas hasil. #PemiluDamaiNegeriMaju #Pemilu2024BebasHoaks https://t.co/X7cnG0zDOM"
1387,"Indonesia Menunjukkan Kedewasaan Demokrasi dengan Persatuan dan Keharmonisan #Pemilu2024BebasHoaks #Pemilu2024 #PemiluDamai2024 #Pemilu2024MenujuIndonesiaMaju #PemiluDamaiNegeriMaju https://t.co/SMFucKdjrY"
1388,"Pujian internasional terhadap penyelenggaraan Pemilu 2024 Indonesia yang damai dan demokratis khususnya dari pertemuan ASEAN-Australia menjadi motivasi bagi Indonesia untuk mengatasi polarisasi dan merajut kembali harmoni nasional. #PemiluDamaiNegeriMaju #Pemilu2024BebasHoaks https://t.co/xxmhzSDeW3"
1389,"Pujian internasional terhadap penyelenggaraan Pemilu 2024 Indonesia yang damai dan demokratis #Pemilu2024 #PemiluDamai2024 #PemiluDamaiNegeriMaju #Pemilu2024BebasHoaks #Pemilu2024MenujuIndonesiaMaju https://t.co/Bi2UxYwdxC"
1390,"Pujian internasional terhadap penyelenggaraan Pemilu 2024 Indonesia yang damai dan demokratis khususnya dari pertemuan ASEAN-Australia menjadi motivasi bagi Indonesia untuk mengatasi polarisasi dan merajut kembali harmoni nasional. #PemiluDamaiNegeriMaju #Pemilu2024BebasHoaks https://t.co/orgTWvDCNy"
1391,"Sinergitas semua pihak penting untuk mengatasi isu 1 dan menjaga kondusivitas pasca-Pemilu. #Pemilu2024BebasHoaks #Pemilu2024 #PemiluDamai2024 #Pemilu2024MenujuIndonesiaMaju #PemiluDamaiNegeriMaju https://t.co/dQRltUpNuM"
1392,"KPU RI memulai rapat pleno terbuka rekapitulasi suara Pemilu 2024 menekankan pada transparansi dan integritas hasil #Pemilu2024 #PemiluDamai2024 #PemiluDamaiNegeriMaju #Pemilu2024BebasHoaks #Pemilu2024 https://t.co/qM5tqI2LDn"
1393,"Hak angket DPR tidak mewakili aspirasi rakyat #Pemilu2024 #PemiluDamai2024 #PemiluDamaiNegeriMaju #Pemilu2024AmanDamai https://t.co/Ggdlakmj9W"
1394,"KPU telah menunjukkan dedikasi luar biasa dalam menggelar Pemilu 2024 meskipun menghadapi kendala teknis seperti masalah aplikasi Sirekap dan pelaksanaan PSU di beberapa tempat. #Pemilu2024 #PemiluDamai2024 #PemiluDamaiNegeriMaju #Pemilu2024BebasHoaks https://t.co/AeRiKL4G28"
1395,"KPU RI memulai rapat pleno terbuka rekapitulasi suara Pemilu 2024 menekankan pada transparansi dan integritas hasil. #Pemilu2024 #PemiluDamai2024 #PemiluDamaiNegeriMaju #Pemilu2024BebasHoaks #Pemilu2024MenujuIndonesiaMaju https://t.co/G7pwSqaUb5"
1396,"KTT ini menegaskan pentingnya menerima hasil Pemilu dan mendukung pemenang mendorong semua pihak untuk bersatu mempercepat pemulihan kondusifitas dan pembangunan Indonesia. #Pemilu2024 #PemiluDamai2024 #PemiluDamaiNegeriMaju #Pemilu2024BebasHoaks #Pemilu2024MenujuIndonesiaMaju https://t.co/pIpZYrgmQM"
1397,"Pujian internasional terhadap penyelenggaraan Pemilu 2024 Indonesia yang damai dan demokratis menjadi motivasi bagi Indonesia untuk mengatasi polarisasi dan merajut kembali harmoni nasional. #Pemilu2024 #PemiluDamai2024 #PemiluDamaiNegeriMaju #Pemilu2024BebasHoaks https://t.co/vffSHazSXf"
