1199,"pemilu yang berkualitas dan demokratis menjadi tonggak kemajuan indonesia "
1200,"pemilu damai di daerah konflik simbol kemajuan demokrasi indonesia pemungutan suara yang aman di papua dan daerah konflik lain menjadi simbol kemajuan demokrasi indonesia "
1201,"pemilu damai di daerah konflik simbol kemajuan demokrasi indonesia pemungutan suara yang aman di papua dan daerah konflik lain menjadi simbol kemajuan demokrasi indonesia "
1202,"menurut uu hasil pemilu ditentukan oleh suara sah pemilih dalam pemungutan suara yang teratur "
1203,"ingat bangsa indonesia cinta kedamaian "
1204,"hidup aman dan damai adalah impian masyarakat indonesia "
1205,"pemungutan suara yang aman di papua dan daerah konflik lain menjadi simbol kemajuan demokrasi indonesia "
1206,"stabilitas nasional pasca pemilu "
1207,"pemilu dinilai sebagai representatif musyawarah dalam menentukan pemimpin "
1208,"pujian internasional terhadap penyelenggaraan pemilu indonesia yang damai dan demokratis khususnya dari peemuan asean australia "
1209,"tunggu hasil pemilu dengan damai mari kita hargai pilihan orang lain dan hasil pemilu "
1210,"ciptakan perdamaian untuk menjadikan bangsa indonesia yang lebih maju dalam berdemokrasi "
1211,"indonesia merupakan bangsa yang besar untuk itulah kita harus dewasa dalam menyikapi pasca pemilu "
1212,"pemilu telah usai mari kita saling merangkul lagi "
1213,"pujian internasional terhadap penyelenggaraan pemilu indonesia yang damai dan demokratis khususnya dari peemuan asean australia "
1214,"yuk tetap ciptakan suasana damai pasca pemilu "
1215,"ktt ini menegaskan pentingnya menerima hasil pemilu dan mendukung pemenang mendorong semua pihak untuk bersatu mempercepat pemulihan kondusifitas dan pembangunan indonesia "
1216,"pujian internasional terhadap penyelenggaraan pemilu indonesia yang damai dan demokratis khususnya dari peemuan asean australia "
1217,"mari kita jaga kondusifitas pasca pemilu "
1218,"pujian internasional terhadap penyelenggaraan pemilu indonesia yang damai dan demokratis "
1219,"banyak pihak mengapresiasi pemilu damai indonesia "
1220,"pemilu damai indonesia dan ajakan untuk rekonsiliasi nasional "
1221,"apresiasi internasional untuk pemilu damai indonesia dan ajakan untuk rekonsiliasi nasional "
1222,"pujian internasional terhadap penyelenggaraan pemilu indonesia yang damai dan demokratis khususnya dari peemuan asean australia "
1223,"ktt ini menegaskan pentingnya menerima hasil pemilu dan mendukung pemenang mendorong semua pihak untuk bersatu mempercepat pemulihan kondusifitas dan pembangunan indonesia "
1224,"banyak pihak mengapresiasi pemilu damai indonesia "
1225,"indonesia damai "
1226,"cegah perpecahan antar kelompok politik pasca pemilu "
1227,"bulan ramadan harus menjadi momentum untuk meredam konflik pasca pemilu "
1228,"pemilu damai "
1229,"dari peemuan asean australia menjadi motivasi bagi indonesia untuk mengatasi polarisasi dan merajut kembali harmoni nasional "
1230,"mari kita bersatu untuk meredam konflik dan perpecahan "
1231,"mewujudkan kondusifitas pasca pemilu demi terciptanya kerukunan bangsa "
1232,"kpu ri memulai rapat pleno terbuka rekapitulasi suara pemilu menekankan pada transparansi dan integritas hasil "
1233,"kpu daerah melaporkan keberhasilan rapat pleno terbuka penghitungan suara yang aman dan lancar menegaskan pentingnya transparansi dan akuntabilitas dalam pemilu rapat pleno "
1234,"kpu ri memulai rapat pleno terbuka rekapitulasi suara pemilu menekankan pada transparansi dan integritas hasil "
1235,"pujian internasional terhadap penyelenggaraan pemilu indonesia yang damai dan demokratis khususnya dari peemuan asean australia menjadi motivasi bagi indonesia untuk mengatasi polarisasi dan merajut kembali harmoni nasional "
1236,"kpu daerah melaporkan keberhasilan rapat pleno terbuka penghitungan suara yang aman dan lancar menegaskan pentingnya transparansi dan akuntabilitas dalam pemilu "
1237,"indonesia telah menunjukkan kedewasaan dalam proses demokrasi dengan kesadaran tinggi akan nilai kebangsaan dan kemanusiaan sebagai fondasi utama menghadapi masa depan "
1238,"kpu bali berkomitmen untuk menjadi provinsi peama yang menyelesaikan rekapitulasi suara nasional dengan cepat dan akurat "
1239,"kpu telah menunjukkan dedikasi luar biasa dalam menggelar pemilu meskipun menghadapi kendala teknis sepei masalah aplikasi sirekap dan pelaksanaan psu di beberapa tempat "
1240,"hormati proses rekapitulasi suara nasional pemilu di kpu ri "
1241,"bulan ramadhan jadi momentum untuk persatuan dan kesatuan pasca pemilu "
1242,"pentingnya mempeahankan stabilitas keamanan pasca pemilu "
1243,"bangun ruang digital bersih dan sehat untuk demokrasi indonesia yg kuat pemilu tanpa hoax "
1244,"imbauan menghormati proses rekapitulasi suara nasional pemilu di kpu ri "
1245,"klarifikasi data dpt dan penanganan honorarium sea kesehatan petugas kpps menjadi prioritas untuk menjaga transparansi dan meningkatkan kepercayaan publik terhadap hasil pemilu "
1246,"hak angket di dpr ri tidak akan mengubah hasil pemilu "
1247,"penyelenggara pemilu mengimbau pelaporan kecurangan secara resmi sementara tokoh masyarakat mengajak untuk menjaga ketenangan dan tidak terprovokasi oleh informasi palsu "
1248,"adanya hak angket atau interpelasi menjadi langkah yang sangat tepat urgent strategis dan konstitusional sehingga memerlukan dukungan publik yang meluas "
1249,"upaya kpu hadapi tantangan pemilu demi wujudkan prinsip luberjurdil klarifikasi data dpt dan penanganan honorarium sea kesehatan petugas kpps menjadi prioritas untuk menjaga transparansi "
1250,"klarifikasi data dpt dan penanganan honorarium sea kesehatan petugas kpps menjadi prioritas untuk menjaga transparansi dan meningkatkan kepercayaan publik terhadap hasil pemilu "
1251,"kpu telah menjalankan tahap kritis pemilu dengan berbagai tantangan sepei pencoblosan ulang di beberapa wilayah karena faktor geografis dan cuaca sea penghitungan suara ulang "
1252,"mk telah menjalankan tugas menyelesaikan sengketa pemilu sesuai peraturan perundang undangan membuat keputusannya final dan tak terpengaruh oleh hak angket dpr "
1253,"mahkamah konstitusi mk telah menjalankan tugas menyelesaikan sengketa pemilu sesuai peraturan perundang undangan membuat keputusannya final dan tak final "
1254,"hak angket meskipun merupakan alat kontrol parlemen jika digunakan dalam konteks ini berpotensi menimbulkan ketidakstabilan politik "
1255,"hasil pemilu ditentukan oleh suara sah pemilih dalam pemungutan suara yang teratur hak angket meskipun merupakan alat kontrol parlemen jika digunakan dalam konteks ini berpotensi menimbulkan ketidakstabilan politik "
1256,"pemilu adanya hak angket atau interpelasi menjadi langkah yang sangat tepat urgent strategis dan konstitusional sehingga memerlukan dukungan publik yang meluas "
1257,"pahami peran mahkamah konstitusi dan hak angket dpr dalam sistem demokrasi pemilu "
1258,"kalian udah memilih nih "
1259,"dukung pemilu tanpa kecurangan kawal suara real count di sirekap untuk demokrasi sehat "
1260,"jangan biarkan hoax memecah belah bersatu kita teguh menjaga kerukunan dan persatuan sebelum saat dan setelah pemilu "
1261,"pemung tan s ara sudah kita laluidenganlancar dan gembira selanj tnya mari kita kawal penghitungans ara dengan damai dan hormati hasilnya "
1262,"sirekap dan kawalpemilu inovasi dalam pemilu untuk demokrasi yang transparan "
1263,"tolak segala provokasi dan hoax penghitungan suara untuk menjaga pemilu aman damai dan kondusif "
1264,"semua paslon pasti memiliki rencana kerja yang terbaik bagi bangsa siapapun yang menang juga pasti akan melakukan yang terbaik demi kemajuan bangsa "
1265,"pemilu damai bersatu pasca pemilu dukung dialog antarpasangan calon dan tunggu pengumuman resmi hasil pemilu oleh kpu ri "
1266,"pemilu meski penuh ketegangan dalam kampanye dan pemungutan suara berhasil diadakan dalam suasana damai "
1267,"kita telah berhasil melaksanakan pemungutan suara secara damai sekarang waktunya menjaga perdamaian itu sambil menunggu hasil penghitungan suara oleh kpu "
1268,"dengan menyerukan penerimaan hasil pemilu sebagai refleksi kepercayaan rakyat yang berdampak pada ekonomi mari kawal pemilu damai sampai selesai "
1269,"kedua inisiatif teknologi ini beujuan untuk mengurangi manipulasi suara dan menjamin integritas proses demokrasi menandai langkah maju dalam memastikan pemilu yang transparan dan adil "
1270,"perlu meningkatkan kesadaran publik terhadap hoaks dan memperkuat komitmen bersama dalam melawan disinformasi menjadi esensial "
1271,"demokrasi yang stabil dan sehat akan menjadi dasar bagi pemerintahan yang baik good governance pembangunan berkelanjutan dan kemajuan di segala sektor bagi indonesia "
1272,"tenang pak dzikri saya sudah bantu cek yg di input di kpu sudah benar ini ya pak scnya mana tau butuh senang membantu anda "
1273,"upy bersama ini esensial untuk memastikan proses pemilu yang lancar dan transparan mendukung legitimasi hasil dan memperkuat fondasi demokrasi dengan informasi yang akurat "
1274,"pemilu damai bersatu pasca pemilu dukung dialog antarpasangan calon dan tunggu pengumuman resmi hasil pemilu oleh kpu ri demokrasi hanya bisa maju jika kita bersatu "
1275,"bersama wujudkan pemilu damai tanpa intimidasi "
1276,"pemilu meski penuh ketegangan dalam kampanye dan pemungutan suara berhasil diadakan dalam suasana damai "
1277,"terima kasih atas terwujudnya pemilu yang kondusif karena seluruh rakyat sudah menjaga keamanan dan kedamaian selalu "
1278,"tolak segala provokasi dan hoax penghitungan suara untuk menjaga pemilu aman damai dan kondusif "
1279,"dengan menyerukan penerimaan hasil pemilu sebagai refleksi kepercayaan rakyat yang berdampak pada ekonomi mari kawal pemilu damai sampai selesai "
1280,"kedua inisiatif teknologi ini beujuan untuk mengurangi manipulasi suara dan menjamin integritas proses demokrasi menandai langkah maju dalam memastikan pemilu yang transparan dan adil "
1281,"bismillahirohmanirohim izin yaa bukan apa apa tapi ga sepantas nya juga lo semua doa buruk begini tapi krna doa nya buat diri sendiri gue ga mau ngetik banyak deh istigfar aja kata gue seriuss semoga ga jabah ya sama yg diatas "
1282,"jaga pemilu damai pemilu yang berkualitas dan demokratis menjadi tonggak kemajuan indonesia "
1283,"kpu telah menciptakan aplikasi sirekap inovasi revolusioner untuk penghitungan suara yang cepat dan akurat untuk pemilu "
1284,"apkam organisasi sepei pbnu memainkan peran krusial dalam menjaga stabilitas mengajak semua pihak menghormati hasil pemilu demi pembangunan harmoni sosial "
1285,"persatuan dan kesatuan bangsa adalah kunci untuk mencapai pembangunan yang berkelanjutan "
1286,"hasil patroli pengawasan bawaslu melalui aplikasi siwaslu di provinsi hingga februari mengungkap masalah pada proses pemungutan dan penghitungan suara pemilu "
1287,"aparat keamanan dan organisasi sepei pbnu memainkan peran krusial dlam menjaga stabilitas amp mengajak semua pihak menghormati hasil pemilu demi pembangunan amp harmoni sosial "
1288,"pencoblosan sudah dilaksanakan pilihan boleh beda tetapi kebersamaan persatuan dan kesatuan bangsa haruslah kita jaga "
1289,"pentingnya transparansi sirekap untuk mencegah potensi delegitimasi hasil pemilu "
1290,"menjaga kedamaian pasca pemilu kunci membangun demokrasi yang kuat pentingnya kedamaian pasca pemilu tidak bisa diabaikan sebagai fondasi utama membangun negara yang demokratis "
1291,"stop hoaks "
1292,"waspada hoaks dan provokasi mari jaga kedamaian pasca pemilu "
1293,"stop hoaks "
1294,"hoaks mis informasi dan dis informasi musuh kita bersama "
1295,"segregasi dan konflik horizontal seolah menjadi residu yang tidak dapat langsung dihilangkan pasca pemilu "
1296,"penggunaan hak angket pasca pemilu oleh kelompok kelompok yang tidak puas dengan hasil perhitungan suara merupakan pendekatan yang keliru "
1297,"efisiensi dan ketetapan waktu adalah kunci pemilu yang damai mari bersama kita jaga kondusitifitas dan ciptakan indonesia yang maju "
1298,"jaga perdamaian dan persaudaraan pasca pelaksanaan pemilu agar terhindar dari perpecahan bangsa "
1299,"keamanan dan kondusifitas pasca pemilu dapat dimaknai sebagai pesta demokrasi indonesia yang berjalan aman dan lancar "
1300,"rapat pleno terbuka ini diharapkan meningkatkan paisipasi publik dalam pengawasan dan validasi hasil pemungutan suara "
1301,"rekonsiliasi dan pembangunan kebangsaan pasca pemilu dianggap langkah esensial untuk memperkuat persatuan dan kesatuan bangsa "
1302,"keberhasilan ini juga menunjukkan profesionalisme kpu daerah memberi publik kepercayaan pada integritas dan keabsahan hasil pemilu "
1303,"perolehan suara dari tingkat tps distrik hingga kabupaten tidak ada perubahan sehingga pelaksanaan rapat lainnya dapat berjalan sesuai regulasi yang ada "
1304,"demokrasi yang sehat memandang pentingnya paisipasi bukan hanya sebagai hak memberi suara namun juga tanggung jawab membangun masyarakat yang adil dan inklusif "
1305,"menciptakan situasi kondusif pasca pemilu memerlukan kerjasama pemerintah aparat keamanan masyarakat dan individu "
1306,"waspada hoax selalu cek kebenaran dari setiap informasi untuk menjaga pelaksanaan pemilu rip legend dr slump bali "
1307,"bangun ruang digital bersih dan sehat untuk demokrasi indonesia yang kuat "
1308,"indonesia menunjukkan kedewasaan demokrasi dengan persatuan dan keharmonisan "
1309,"dukung sinergitas semua pihak untuk menjaga stabilitas pasca pemilu "
1310,"kinerja kpu di pemilu menunjukkan komitmen kuat pada keadilan dan transparansi melalui regulasi ketat dan adaptasi terhadap tantangan daerah "
1311,"rekapitulasi suara di daerah berlangsung lancar dan kondusif kondusivitas rapat pleno tidak hanya meningkatkan nilai demokrasi juga mengurangi potensi konflik kepentingan yang bisa merugikan pemerintah "
1312,"indonesia menunjukkan kedewasaan demokrasi pada pemilu dengan persatuan dan keharmonisan "
1313,"kinerja kpu di pemilu menunjukkan komitmen kuat pada keadilan dan transparansi melalui regulasi ketat dan adaptasi terhadap tantangan daerah "
1314,"rapat pleno rekapitulasi suara yang diwajibkan oleh uu pemilu no tahun dan pkpu no tahun berperan vital dalam menjaga integritas pemilu "
1315,"solidaritas nasional dan penolakan terhadap provokasi menegaskan pentingnya kolaborasi antar elemen bangsa untuk stabilitas dan kemajuan indonesia pasca pemilu "
1316,"kpu daerah melaporkan keberhasilan rapat pleno terbuka penghitungan suara yang aman dan lancar menegaskan pentingnya transparansi dan akuntabilitas dalam pemilu "
1317,"indonesia telah menunjukkan kedewasaan dalam proses demokrasi dengan kesadaran tinggi akan nilai kebangsaan dan kemanusiaan sebagai fondasi utama menghadapi masa depan "
1318,"pelaksanaan pemilu serentak dapat terlaksana berkat profesionalisme dan integritas kpu ditunjang sosialisasi dan koordinasi efektif dengan berbagai pihak "
1319,"kpu telah menunjukkan dedikasi luar biasa dalam menggelar pemilu meskipun menghadapi kendala teknis sepei masalah sirekap dan pelaksanaan psu di beberapa tempat "
1320,"indonesia telah menunjukkan kedewasaan dalam proses demokrasi dengan kesadaran tinggi akan nilai kebangsaan dan kemanusiaan sebagai fondasi utama menghadapi masa depan "
1321,"pujian internasional terhadap penyelenggaraan pemilu indonesia yang damai dan demokratis khususnya dari peemuan asean australia menjadi motivasi bagi indonesia "
1322,"dengan keterlibatan langsung saksi paai dan pengawasan publik diharapkan dapat mengeliminasi potensi manipulasi memperkuat kepercayaan publik dan menjamin legitimasi demokrasi "
1323,"kesuksesan pemilu yang berlangsung aman dan kondusif adalah hasil dari koordinasi dan kerjasama antar stakeholder dan masyarakat "
1324,"kpu ri memulai rapat pleno terbuka rekapitulasi suara pemilu menekankan pada transparansi dan integritas hasil masyarakat diminta bersabar dan menjaga kedamaian "
1325,"kpu telah berdedikasi luar biasa dalam menggelar pemilu meskipun menghadapi kendala teknis sepei masalah aplikasi sirekap dan pelaksanaan psu di beberapa tempat "
1326,"ktt ini menegaskan pentingnya menerima hasil pemilu dan mendukung pemenang mendorong semua pihak untuk bersatu mempercepat pemulihan kondusifitas dan pembangunan indonesia "
1327,"bulan ramadhan harus menjadi momentum untuk meredam konflik dan perpecahan antar kelompok "
1328,"kapolsek habinsaran besea anggota laksanakan giat monitoring dan pengamanan rekap suara tingkat kecamatan di wilkum polsek habinsaran "
1329,"kedua inisiatif teknologi ini beujuan untuk mengurangi manipulasi suara dan menjamin integritas proses demokrasi menandai langkah maju dalam memastikan pemilu yang transparan dan adil "
1330,"kapolrestabes palembang besea wakapolrestabes palembang cek keamanan dan kesiapan ppk dalam melaksanakan rekapitulasi sekaligus memberikan motivasi kepada personel pengamanan dalam rangkaian pemilu tahun "
1331,"jaga pemilu damai pemilu yang berkualitas dan demokratis menjadi tonggak kemajuan indonesia "
1332,"kawal pemilu damai sampai selesai pemilu yang berkualitas dan demokratis menjadi tonggak kemajuan indonesia "
1333,"ayo awasi dan kawal jalanya perhitungan suara pemilu pemilu yang berkualitas dan demokratis menjadi tonggak kemajuan indonesia "
1334,"pengamanan tahap rekapitulasi hitung suara pemilu polresta denpasar dan polsek jajaran memastikan keamanan dalam tahap rekapitulasi hitung suara pemilu yang dilaksanakan di masing masing ppk kecamatan di daerah hukum polresta denpasar "
1335,"pemilu yang berkualitas dan demokratis menjadi tonggak kemajuan indonesia "
1336,"pemilu yang berkualitas dan demokratis menjadi tonggak kemajuan indonesia "
1337,"persatuan dan kesatuan bangsa adalah kunci untuk mencapai pembangunan yang berkelanjutan "
1338,"pemungutan suara yang aman di papua dan daerah konflik lain menjadi simbol kemajuan demokrasi indonesia "
1339,"pemilu damai di daerah konflik simbol kemajuan demokrasi indonesia pemungutan suara yang aman di papua dan daerah konflik lain menjadi simbol kemajuan demokrasi indonesia "
1340,"persatuan dan kesatuan bangsa adalah kunci untuk mencapai pembangunan yang berkelanjutan "
1341,"hak angket bukan untuk mencari kalah dan menang ya tetapi mencari kebenaran soal pelaksanaan uu atau kebijakan pemerintah moeldoko mkmk sirekap "
1342,"ketenangan pemilu di papua dan daerah konflik mencerminkan kemajuan demokrasi indonesia peran penting aparat keamanan dan pbnu dalam menjaga stabilitas dan menghormati hasil pemilu "
1343,"indonesia menunjukkan kedewasaan demokrasi dengan persatuan dan keharmonisan "
1344,"kpu telah menjalankan tahap kritis pemilu dengan berbagai tantangan sepei pencoblosan ulang di beberapa wilayah karena faktor geografis dan cuaca "
1345,"klarifikasi data dpt dan penanganan honorarium sea kesehatan petugas kpps menjadi prioritas untuk menjaga transparansi dan meningkatkan kepercayaan publik terhadap hasil pemilu "
1346,"mahkamah konstitusi telah menjalankan tugas sengketa pemilu sesuai peraturan perundang undangan membuat keputusannya final dan tak terpengaruh oleh hak angket dpr "
1347,"kpu telah menjalankan tahap kritis pemilu dengan berbagai tantangan sepei pencoblosan ulang di beberapa wilayah karena faktor geografis dan cuaca sea penghitungan suara ulang "
1348,"klarifikasi data dpt dan penanganan honorarium sea kesehatan petugas kpps menjadi prioritas untuk menjaga transparansi dan meningkatkan kepercayaan publik terhadap hasil pemilu "
1349,"perbedaan pendapat pasca pemilu antara masyarakat pemerintah dan akar rumput membutuhkan penanganan yang bijaksana "
1350,"dengan pemilihan yang berjalan adil dan terbuka diharapkan dapat mendorong situasi damai dan stabilitas mendukung kemajuan dan pembangunan indonesia "
1351,"kinerja kpu di pemilu menunjukkan komitmen kuat pada keadilan dan transparansi melalui regulasi ketat dan adaptasi terhadap tantangan daerah "
1352,"rekonsiliasi dan pembangunan kebangsaan pasca pemilu dianggap langkah esensial untuk memperkuat persatuan dan kesatuan bangsa "
1353,"indonesia telah menunjukkan kedewasaan dalam proses demokrasi dengan kesadaran tinggi akan nilai kebangsaan dan kemanusiaan sebagai fondasi utama menghadapi masa depan "
1354,"kondusivitas rapat pleno tidak hanya meningkatkan nilai demokrasi tetapi juga mengurangi potensi konflik kepentingan yang bisa merugikan pemerintah ini merupakan langkah esensial untuk suksesnya pesta demokrasi "
1355,"bangun ruang digital bersih dam sehat untuk demokrasi indonesia pemilu tanpa hoaks "
1356,"hoaks misinformasi dan disinformasi musuh kita bersama pemilu sukses damai dan bermaabat "
1357,"indonesia telah menunjukkan kedewasaan dalam proses demokrasi dengan kesadaran tinggi akan nilai kebangsaan dan kemanusiaan sebagai fondasi utama menghadapi masa depan "
1358,"indonesia telah menunjukkan kedewasaan dalam proses demokrasi dengan kesadaran tinggi akan nilai kebangsaan dan kemanusiaan sebagai fondasi utama menghadapi masa depan "
1359,"indonesia telah menunjukkan kedewasaan dalam proses demokrasi dengan kesadaran tinggi akan nilai kebangsaan dan kemanusiaan sebagai fondasi utama menghadapi masa depan "
1360,"kpu daerah melaporkan keberhasilan rapat pleno terbuka penghitungan suara yang aman dan lancar menegaskan pentingnya transparansi dan akuntabilitas dalam pemilu "
1361,"jaga keberagaman dan hindari konflik dengan menyebarkan informasi yang benar b"
1362,"pujian internasional terhadap penyelenggaraan pemilu indonesia yang damai dan demokratis khususnya dari peemuan asean australia menjadi motivasi bagi indonesia untuk mengatasi polarisasi dan merajut kembali harmoni nasional "
1363,"apresiasi internasional untuk pemilu damai indonesia dan ajakan untuk rekonsiliasi nasional "
1364,"motivasi bagi indonesia untuk mengatasi polarisasi dan merajut kembali harmoni nasional "
1365,"kpu ri memulai rapat pleno terbuka rekapitulasi suara pemilu menekankan pada transparansi dan integritas hasil "
1366,"bulan ramadhan harus menjadi momentum untuk meredam konflik dan perpecahan antar kelompok politik setelah pasca masa pemilu "
1367,"pujian internasional terhadap penyelenggaraan pemilu indonesia yang damai dan demokratis khususnya dari peemuan asean australia "
1368,"ktt ini menegaskan pentingnya menerima hasil pemilu dan mendukung pemenang mendorong semua pihak untuk bersatu mempercepat pemulihan kondusifitas dan pembangunan indonesia "
1369,"jangan mudah terprovokasi tunggu hasil resmi kpu mari sukseskan pemilu dengan aman dan damai "
1370,"hak angket dpr tidak mewakili aspirasi rakyat "
1371,"bersabar menunggu hasil pemilu yang akan disampaikan oleh kpu mari sukseskan pemilu dengan aman dan damai "
1372,"pemilu yang berkualitas dan demokratis menjadi tonggak kemajuan indonesia paisipasi masyarakat yang aktif persatuan nasional kondusivitas keamanan "
1373,"demokrasi hanya bisa maju jika kita bersatu ayo wujudkan pemilu damai "
1374,"imbauan sejumlah tokoh untuk menjaga persatuan dan suasana damai pasca pemungutan suara pemilu "
1375,"upy bersama ini esensial untuk memastikan proses pemilu yang lancar dan transparan mendukung legitimasi hasil dan memperkuat fondasi demokrasi dengan informasi yang akurat "
1376,"penghargaan diberikan kepada bangsa indonesia yang di tahun politik ini berhasil menjaga persatuan meskipun terdapat perbedaan pilihan politik "
1377,"pemilu yang berkualitas dan demokratis menjadi tonggak kemajuan indonesia "
1378,"kpu telah menciptakan aplikasi sirekap inovasi revolusioner untuk penghitungan suara yang cepat dan akurat untuk pemilu "
1379,"menurut undang undang hasil pemilu ditentukan oleh suara sah pemilih dalam pemungutan suara yang teratur "
1380,"penggunaan hak angket pasca pemilu oleh kelompok kelompok yang tidak puas dengan hasil perhitungan suara merupakan pendekatan yang keliru "
1381,"kpu telah menjalankan tahap kritis pemilu dengan berbagai tantangan sepei pencoblosan ulang di beberapa wilayah karena faktor geografis dan cuaca "
1382,"pemungutan suara yang aman di papua dan daerah konflik lain menjadi simbol kemajuan demokrasi indonesia "
1383,"kpu telah menjalankan tahap kritis pemilu dengan berbagai tantangan sepei pencoblosan ulang di beberapa wilayah karena faktor geografis dan cuaca sea penghitungan suara ulang "
1384,"demi mewujudkan pemilu yang damai dan bermaabat pentingnya kesadaran kolektif dalam melawan penyebaran hoaks "
1385,"membangun kedamaian pasca pemilu mewujudkan keadilan toleransi dan inklusivitas "
1386,"kpu ri memulai rapat pleno terbuka rekapitulasi suara pemilu menekankan pada transparansi dan integritas hasil "
1387,"indonesia menunjukkan kedewasaan demokrasi dengan persatuan dan keharmonisan "
1388,"pujian internasional terhadap penyelenggaraan pemilu indonesia yang damai dan demokratis khususnya dari peemuan asean australia menjadi motivasi bagi indonesia untuk mengatasi polarisasi dan merajut kembali harmoni nasional "
1389,"pujian internasional terhadap penyelenggaraan pemilu indonesia yang damai dan demokratis "
1390,"pujian internasional terhadap penyelenggaraan pemilu indonesia yang damai dan demokratis khususnya dari peemuan asean australia menjadi motivasi bagi indonesia untuk mengatasi polarisasi dan merajut kembali harmoni nasional "
1391,"sinergitas semua pihak penting untuk mengatasi isu dan menjaga kondusivitas pasca pemilu "
1392,"kpu ri memulai rapat pleno terbuka rekapitulasi suara pemilu menekankan pada transparansi dan integritas hasil "
1393,"hak angket dpr tidak mewakili aspirasi rakyat "
1394,"kpu telah menunjukkan dedikasi luar biasa dalam menggelar pemilu meskipun menghadapi kendala teknis sepei masalah aplikasi sirekap dan pelaksanaan psu di beberapa tempat "
1395,"kpu ri memulai rapat pleno terbuka rekapitulasi suara pemilu menekankan pada transparansi dan integritas hasil "
1396,"ktt ini menegaskan pentingnya menerima hasil pemilu dan mendukung pemenang mendorong semua pihak untuk bersatu mempercepat pemulihan kondusifitas dan pembangunan indonesia "
1397,"pujian internasional terhadap penyelenggaraan pemilu indonesia yang damai dan demokratis menjadi motivasi bagi indonesia untuk mengatasi polarisasi dan merajut kembali harmoni nasional "
